Learning Rate: 0.01, Max Iterations: 100, Num Hidden Layers: 2,,,,
Iteration,Set One Logistic Accuracy,Set One TanH Accuracy,Set One ReLu Accuracy,Logistic Loss,TanH Loss,ReLu Loss
0,0.710648148,0.127314815,0.085648148,0.997793282,2.076134744,2.262416709
1,0.710648148,0.053240741,0.30787037,0.919596081,1.817467943,1.735953537
2,0.710648148,0.094907407,0.62037037,0.873913485,1.640218126,1.411708483
3,0.710648148,0.194444444,0.6875,0.847944484,1.457365146,1.193259677
4,0.710648148,0.284722222,0.708333333,0.827622389,1.288392639,1.052563094
5,0.710648148,0.710648148,0.710648148,0.814445518,1.152400768,0.96491988
6,0.710648148,0.710648148,0.710648148,0.801743357,1.043682514,0.911452513
7,0.710648148,0.710648148,0.710648148,0.790420418,0.966297729,0.880802907
8,0.710648148,0.708333333,0.710648148,0.780356494,0.914481003,0.863298199
9,0.710648148,0.708333333,0.710648148,0.769808752,0.878460636,0.853474238
10,0.710648148,0.710648148,0.710648148,0.759552888,0.851275374,0.846748481
11,0.710648148,0.710648148,0.710648148,0.749324515,0.829283056,0.843895884
12,0.710648148,0.710648148,0.710648148,0.739233753,0.811038959,0.841793708
13,0.710648148,0.710648148,0.710648148,0.729158863,0.793965093,0.840692912
14,0.710648148,0.708333333,0.710648148,0.719611028,0.780135782,0.840152389
15,0.710648148,0.708333333,0.710648148,0.71025767,0.767207381,0.83979911
16,0.710648148,0.708333333,0.710648148,0.701536337,0.755806626,0.839302754
17,0.710648148,0.710648148,0.710648148,0.692989917,0.745700394,0.839220433
18,0.710648148,0.710648148,0.710648148,0.685435205,0.736409517,0.839183277
19,0.710648148,0.710648148,0.710648148,0.677823026,0.727816174,0.839040946
20,0.712962963,0.706018519,0.710648148,0.671392903,0.720849559,0.838880009
21,0.715277778,0.712962963,0.710648148,0.664528929,0.712893322,0.838810491
22,0.715277778,0.708333333,0.710648148,0.658774981,0.7063608,0.838812647
23,0.715277778,0.710648148,0.710648148,0.652877784,0.698543387,0.838695198
24,0.719907407,0.712962963,0.710648148,0.647755291,0.691576357,0.838705807
25,0.731481481,0.712962963,0.710648148,0.642483961,0.684412034,0.838493073
26,0.729166667,0.715277778,0.710648148,0.637939227,0.677127111,0.83866564
27,0.731481481,0.722222222,0.710648148,0.633542783,0.669434515,0.838656406
28,0.731481481,0.717592593,0.710648148,0.629603334,0.661897385,0.838526485
29,0.726851852,0.710648148,0.710648148,0.626798864,0.653004916,0.838523215
30,0.738425926,0.706018519,0.710648148,0.621275129,0.64570754,0.838552803
31,0.736111111,0.701388889,0.710648148,0.619175715,0.636288075,0.838506219
32,0.740740741,0.712962963,0.710648148,0.615286625,0.627535171,0.838441429
33,0.733796296,0.715277778,0.710648148,0.612043538,0.621129462,0.838497573
34,0.743055556,0.712962963,0.710648148,0.60995369,0.614652434,0.838410528
35,0.74537037,0.724537037,0.710648148,0.606694377,0.60590411,0.838457177
36,0.74537037,0.731481481,0.710648148,0.603766514,0.600392463,0.838436225
37,0.752314815,0.736111111,0.710648148,0.601518668,0.596063145,0.838523619
38,0.75,0.740740741,0.710648148,0.59946535,0.589533124,0.838365707
39,0.74537037,0.733796296,0.710648148,0.597472916,0.585051747,0.838329315
40,0.747685185,0.740740741,0.710648148,0.595810813,0.581327672,0.838608224
41,0.75,0.740740741,0.710648148,0.594123972,0.578095607,0.838461751
42,0.75,0.743055556,0.710648148,0.590939256,0.576838173,0.838363863
43,0.752314815,0.747685185,0.710648148,0.589208037,0.573063031,0.838317499
44,0.74537037,0.740740741,0.710648148,0.586862053,0.567374136,0.838337014
45,0.747685185,0.75,0.710648148,0.585320354,0.566600343,0.838333376
46,0.747685185,0.752314815,0.710648148,0.583883243,0.569538797,0.838340908
47,0.738425926,0.747685185,0.710648148,0.582633228,0.562962959,0.838306788
48,0.75,0.747685185,0.710648148,0.580824729,0.559247753,0.838224071
49,0.74537037,0.747685185,0.710648148,0.579362128,0.556915889,0.838288489
50,0.75,0.74537037,0.710648148,0.577941573,0.554248228,0.838346497
51,0.75,0.74537037,0.710648148,0.5772897,0.551474772,0.838501025
52,0.743055556,0.74537037,0.710648148,0.574497733,0.550807758,0.838538433
53,0.740740741,0.747685185,0.710648148,0.574450256,0.548304316,0.838338507
54,0.743055556,0.75,0.710648148,0.572190245,0.547009366,0.838179297
55,0.740740741,0.75,0.710648148,0.57111762,0.545011772,0.83821365
56,0.740740741,0.756944444,0.710648148,0.569017894,0.543824575,0.838179202
57,0.743055556,0.74537037,0.710648148,0.569590782,0.54194312,0.838293707
58,0.747685185,0.759259259,0.710648148,0.567090897,0.540048648,0.838298252
59,0.743055556,0.747685185,0.710648148,0.565169864,0.545144428,0.838248153
60,0.743055556,0.759259259,0.710648148,0.563978089,0.537987854,0.838154769
61,0.743055556,0.747685185,0.710648148,0.562883538,0.536696182,0.838112858
62,0.743055556,0.752314815,0.710648148,0.561422226,0.537942472,0.838133756
63,0.743055556,0.747685185,0.710648148,0.561615423,0.533140888,0.838170478
64,0.743055556,0.747685185,0.710648148,0.559000865,0.532235063,0.838661151
65,0.74537037,0.747685185,0.710648148,0.558078278,0.530690633,0.83826082
66,0.743055556,0.747685185,0.710648148,0.558305343,0.534236902,0.838097081
67,0.743055556,0.752314815,0.710648148,0.560397267,0.529489366,0.838253833
68,0.743055556,0.752314815,0.710648148,0.554168055,0.527145553,0.838057118
69,0.740740741,0.747685185,0.710648148,0.554973619,0.524527241,0.838470421
70,0.743055556,0.752314815,0.710648148,0.553465412,0.524645379,0.837990437
71,0.743055556,0.747685185,0.710648148,0.551810386,0.522286189,0.838136642
72,0.756944444,0.75,0.710648148,0.552124514,0.523278711,0.838224706
73,0.74537037,0.75,0.710648148,0.550631044,0.52342318,0.838112948
74,0.75462963,0.75462963,0.710648148,0.548561167,0.520441027,0.838057623
75,0.743055556,0.747685185,0.710648148,0.547757992,0.519959496,0.838114347
76,0.743055556,0.747685185,0.710648148,0.546154409,0.519313873,0.838091689
77,0.740740741,0.752314815,0.710648148,0.5452837,0.517092954,0.838072579
78,0.743055556,0.75,0.710648148,0.543964848,0.516569189,0.838019313
79,0.74537037,0.747685185,0.710648148,0.544130241,0.516065475,0.838433079
80,0.75462963,0.752314815,0.710648148,0.543357885,0.514139627,0.838240106
81,0.74537037,0.75,0.710648148,0.545543644,0.513401928,0.838076977
82,0.759259259,0.75462963,0.710648148,0.540206242,0.512813414,0.838057145
83,0.74537037,0.75,0.710648148,0.540368792,0.512540961,0.838168089
84,0.747685185,0.761574074,0.710648148,0.537917932,0.515304509,0.838131515
85,0.747685185,0.75462963,0.710648148,0.536197144,0.517216862,0.838160376
86,0.747685185,0.752314815,0.710648148,0.534855992,0.509756526,0.838001225
87,0.747685185,0.75462963,0.710648148,0.532509124,0.50934488,0.838184055
88,0.75,0.752314815,0.710648148,0.53031504,0.508092845,0.838134837
89,0.75462963,0.752314815,0.710648148,0.527864477,0.507842998,0.837957207
90,0.752314815,0.75462963,0.710648148,0.526831021,0.508230415,0.838260914
91,0.763888889,0.752314815,0.710648148,0.525800581,0.505918342,0.838261772
92,0.756944444,0.752314815,0.710648148,0.519866922,0.507634545,0.838181124
93,0.763888889,0.75,0.710648148,0.518008213,0.505544902,0.838338973
94,0.761574074,0.752314815,0.710648148,0.517034665,0.505285253,0.838018395
95,0.761574074,0.752314815,0.710648148,0.512246707,0.505701571,0.83815201
96,0.763888889,0.752314815,0.710648148,0.509444841,0.504409578,0.838295749
97,0.763888889,0.75462963,0.710648148,0.507865841,0.503727214,0.83815806
98,0.770833333,0.768518519,0.710648148,0.505626055,0.50363858,0.838262478
99,0.768518519,0.75,0.710648148,0.502130866,0.505508996,0.838090986
Learning Rate: 0.01, Max Iterations: 100, Num Hidden Layers: 3,,,,
Iteration,Set Two Logistic Accuracy,Set Two TanH Accuracy,Set Two ReLu Accuracy,Logistic Loss,TanH Loss,ReLu Loss
0,0.574074074,0.287037037,0.398148148,1.361292168,1.418152445,1.342521006
1,0.696759259,0.68287037,0.627314815,1.185544967,1.163032429,1.186604857
2,0.696759259,0.696759259,0.680555556,1.043241115,1.004779302,1.040091961
3,0.696759259,0.696759259,0.678240741,0.931054738,0.911262107,0.922710932
4,0.696759259,0.696759259,0.689814815,0.873394721,0.86718995,0.858093443
5,0.696759259,0.696759259,0.694444444,0.838805263,0.85811412,0.825393441
6,0.696759259,0.696759259,0.694444444,0.814233888,0.852374646,0.804297461
7,0.696759259,0.696759259,0.6875,0.800271101,0.847201351,0.788945884
8,0.696759259,0.696759259,0.701388889,0.790844204,0.84453943,0.771507366
9,0.696759259,0.696759259,0.701388889,0.780431125,0.84285316,0.753217485
10,0.696759259,0.696759259,0.712962963,0.772353791,0.841625746,0.738420337
11,0.696759259,0.696759259,0.719907407,0.764507766,0.841394139,0.717739386
12,0.696759259,0.696759259,0.724537037,0.756390014,0.841162355,0.702969816
13,0.696759259,0.696759259,0.724537037,0.748635444,0.840903214,0.687777528
14,0.696759259,0.696759259,0.731481481,0.7410512,0.840788547,0.673426027
15,0.696759259,0.696759259,0.74537037,0.733700495,0.840749977,0.660098921
16,0.696759259,0.696759259,0.75,0.726008783,0.840706488,0.647110204
17,0.696759259,0.696759259,0.738425926,0.719857995,0.840849072,0.635773795
18,0.696759259,0.696759259,0.75462963,0.711756874,0.840663033,0.62340672
19,0.696759259,0.696759259,0.759259259,0.704729619,0.841038166,0.615064364
20,0.696759259,0.696759259,0.747685185,0.697069769,0.840834035,0.605156642
21,0.696759259,0.696759259,0.75,0.688530721,0.840553703,0.597826238
22,0.696759259,0.696759259,0.759259259,0.67809082,0.84071328,0.590494946
23,0.696759259,0.696759259,0.75462963,0.667902644,0.840657293,0.585707065
24,0.696759259,0.696759259,0.75462963,0.658708639,0.840644257,0.580082986
25,0.696759259,0.696759259,0.752314815,0.64828862,0.840709522,0.576131219
26,0.696759259,0.696759259,0.75,0.634305732,0.840609989,0.57254368
27,0.710648148,0.696759259,0.747685185,0.623327123,0.840947286,0.569711227
28,0.74537037,0.696759259,0.74537037,0.610526939,0.840748444,0.570042403
29,0.736111111,0.696759259,0.75462963,0.600789592,0.840604097,0.569567136
30,0.743055556,0.696759259,0.747685185,0.590843041,0.840773935,0.561777235
31,0.743055556,0.696759259,0.75462963,0.581577087,0.840638381,0.560051127
32,0.740740741,0.696759259,0.752314815,0.574200946,0.840706638,0.55963127
33,0.763888889,0.696759259,0.756944444,0.568335101,0.840506866,0.554824537
34,0.752314815,0.696759259,0.75,0.560207689,0.840611854,0.550682416
35,0.763888889,0.696759259,0.759259259,0.552947455,0.840606051,0.551714128
36,0.761574074,0.696759259,0.74537037,0.548302901,0.840518384,0.546437927
37,0.761574074,0.696759259,0.763888889,0.541549122,0.840481426,0.546472577
38,0.775462963,0.696759259,0.759259259,0.536346496,0.840460945,0.542747716
39,0.775462963,0.696759259,0.761574074,0.531069913,0.840701166,0.541265269
40,0.777777778,0.696759259,0.75,0.526659603,0.840682019,0.538867951
41,0.777777778,0.696759259,0.763888889,0.521623848,0.840486037,0.536207884
42,0.773148148,0.696759259,0.759259259,0.517344639,0.840593676,0.534764213
43,0.775462963,0.696759259,0.75462963,0.514139064,0.840569378,0.531141451
44,0.775462963,0.696759259,0.75462963,0.513003416,0.840341664,0.529495693
45,0.791666667,0.696759259,0.768518519,0.512882971,0.840612392,0.528238452
46,0.773148148,0.696759259,0.763888889,0.503432246,0.840713462,0.526012267
47,0.796296296,0.696759259,0.761574074,0.500241348,0.840482516,0.52332863
48,0.798611111,0.696759259,0.766203704,0.49637965,0.840420969,0.522128187
49,0.791666667,0.696759259,0.752314815,0.49160584,0.840147337,0.521871737
50,0.791666667,0.696759259,0.763888889,0.489063404,0.840095842,0.520584341
51,0.798611111,0.696759259,0.770833333,0.485063657,0.839999456,0.517190726
52,0.793981481,0.696759259,0.761574074,0.483977818,0.84004375,0.515934087
53,0.793981481,0.696759259,0.763888889,0.479271107,0.839770152,0.514841396
54,0.800925926,0.696759259,0.756944444,0.478011322,0.839886607,0.51486672
55,0.793981481,0.696759259,0.766203704,0.474453475,0.839781113,0.511705679
56,0.798611111,0.696759259,0.768518519,0.471855834,0.839463326,0.508541288
57,0.793981481,0.696759259,0.766203704,0.468002448,0.839385274,0.505411464
58,0.791666667,0.696759259,0.761574074,0.467005408,0.839129287,0.504699193
59,0.805555556,0.696759259,0.766203704,0.463553745,0.839020808,0.503096494
60,0.793981481,0.696759259,0.775462963,0.461042664,0.839435722,0.506476447
61,0.798611111,0.696759259,0.759259259,0.460041603,0.838196149,0.509487521
62,0.80787037,0.696759259,0.770833333,0.458126567,0.837680207,0.498809191
63,0.796296296,0.696759259,0.768518519,0.455292416,0.837262848,0.497278146
64,0.791666667,0.696759259,0.770833333,0.45262568,0.836426328,0.496823886
65,0.793981481,0.696759259,0.766203704,0.45039021,0.835440901,0.495903081
66,0.805555556,0.696759259,0.773148148,0.448029742,0.83448328,0.495056017
67,0.803240741,0.696759259,0.761574074,0.449774364,0.832773218,0.49375443
68,0.787037037,0.696759259,0.761574074,0.445068616,0.830319413,0.492373818
69,0.800925926,0.696759259,0.773148148,0.444019123,0.828342454,0.493045568
70,0.796296296,0.696759259,0.763888889,0.44092392,0.823956113,0.495694878
71,0.798611111,0.696759259,0.768518519,0.439672251,0.818316195,0.501309662
72,0.803240741,0.696759259,0.770833333,0.438254075,0.810485885,0.500708575
73,0.798611111,0.696759259,0.770833333,0.439606845,0.799555159,0.490527386
74,0.798611111,0.696759259,0.766203704,0.436916469,0.784927065,0.487690087
75,0.80787037,0.696759259,0.770833333,0.431617819,0.76581539,0.490553617
76,0.798611111,0.696759259,0.770833333,0.434547521,0.746021361,0.495032186
77,0.798611111,0.696759259,0.768518519,0.438304142,0.721474208,0.490568715
78,0.80787037,0.696759259,0.773148148,0.428071708,0.698999153,0.487201613
79,0.787037037,0.696759259,0.766203704,0.428821479,0.679890734,0.483973645
80,0.803240741,0.701388889,0.777777778,0.429296512,0.661500792,0.485256507
81,0.805555556,0.719907407,0.773148148,0.423901981,0.650243482,0.485074122
82,0.798611111,0.722222222,0.768518519,0.423073343,0.641883279,0.481275664
83,0.800925926,0.731481481,0.775462963,0.42126812,0.628702758,0.480688333
84,0.803240741,0.738425926,0.768518519,0.420329761,0.618916936,0.48076294
85,0.803240741,0.736111111,0.773148148,0.419257841,0.612435142,0.482484448
86,0.800925926,0.738425926,0.770833333,0.417991733,0.606394293,0.477987965
87,0.800925926,0.747685185,0.775462963,0.417741862,0.602357151,0.484769459
88,0.80787037,0.738425926,0.770833333,0.415027025,0.600553234,0.480439094
89,0.805555556,0.743055556,0.768518519,0.4153792,0.596905917,0.482412334
90,0.805555556,0.743055556,0.770833333,0.412602318,0.606379748,0.47734626
91,0.80787037,0.74537037,0.770833333,0.4128972,0.592169119,0.476275318
92,0.80787037,0.752314815,0.770833333,0.416464023,0.586897064,0.477025897
93,0.798611111,0.743055556,0.775462963,0.410481943,0.584474913,0.475112299
94,0.8125,0.747685185,0.775462963,0.409768604,0.579170196,0.476328556
95,0.810185185,0.743055556,0.780092593,0.409872624,0.577499467,0.482267364
96,0.805555556,0.752314815,0.773148148,0.409400959,0.57721984,0.477590923
97,0.8125,0.752314815,0.775462963,0.407491753,0.572666709,0.479541098
98,0.805555556,0.74537037,0.770833333,0.404492314,0.569534542,0.480769039
99,0.8125,0.74537037,0.775462963,0.404177597,0.566720574,0.485198006
Learning Rate: 0.01, Max Iterations: 200, Num Hidden Layers: 2,,,,
Iteration,Set Three Logistic Accuracy,Set Three TanH Accuracy,Set Three ReLu Accuracy,Logistic Loss,TanH Loss,ReLu Loss
0,0.043981481,0.696759259,0.298611111,1.646925977,0.972487584,1.868142513
1,0.043981481,0.696759259,0.613425926,1.48956321,0.895868863,1.302425287
2,0.696759259,0.696759259,0.689814815,1.334588836,0.859840011,0.98908794
3,0.696759259,0.696759259,0.69212963,1.173216106,0.847124721,0.893125797
4,0.696759259,0.696759259,0.696759259,1.037433826,0.842004642,0.863286313
5,0.696759259,0.696759259,0.696759259,0.949534984,0.839652649,0.848950985
6,0.696759259,0.696759259,0.696759259,0.901869052,0.83983632,0.838688972
7,0.696759259,0.696759259,0.696759259,0.874482794,0.839649976,0.8299998
8,0.696759259,0.696759259,0.696759259,0.859622036,0.83948001,0.821022231
9,0.696759259,0.696759259,0.696759259,0.852301226,0.839271213,0.807571729
10,0.696759259,0.696759259,0.69212963,0.847439267,0.83928893,0.794150073
11,0.696759259,0.696759259,0.689814815,0.845247834,0.839100212,0.779571658
12,0.696759259,0.696759259,0.694444444,0.843856209,0.839102051,0.763376586
13,0.696759259,0.696759259,0.696759259,0.84259398,0.839200055,0.745712792
14,0.696759259,0.696759259,0.703703704,0.841505334,0.839176813,0.727526097
15,0.696759259,0.696759259,0.703703704,0.840975738,0.839117626,0.708941891
16,0.696759259,0.696759259,0.703703704,0.841052289,0.839224859,0.694467947
17,0.696759259,0.696759259,0.712962963,0.840097272,0.839096264,0.677994689
18,0.696759259,0.696759259,0.729166667,0.839963389,0.839149416,0.665060941
19,0.696759259,0.696759259,0.738425926,0.839670959,0.83915289,0.650266697
20,0.696759259,0.696759259,0.74537037,0.839405757,0.839142996,0.638779168
21,0.696759259,0.696759259,0.75,0.839095998,0.839579523,0.627118777
22,0.696759259,0.696759259,0.756944444,0.838805403,0.839221297,0.616086231
23,0.696759259,0.696759259,0.775462963,0.83841489,0.839353292,0.606335101
24,0.696759259,0.696759259,0.770833333,0.837021053,0.839222246,0.597990682
25,0.696759259,0.696759259,0.768518519,0.832481428,0.839020498,0.591056532
26,0.696759259,0.696759259,0.768518519,0.811760711,0.839137662,0.581001275
27,0.696759259,0.696759259,0.773148148,0.800212922,0.83932663,0.577533856
28,0.696759259,0.696759259,0.761574074,0.785611776,0.839118706,0.568487168
29,0.696759259,0.696759259,0.773148148,0.776054463,0.839101253,0.561824131
30,0.696759259,0.696759259,0.775462963,0.764956386,0.839082262,0.555747841
31,0.696759259,0.696759259,0.780092593,0.756244227,0.839352564,0.553356426
32,0.696759259,0.696759259,0.775462963,0.747595281,0.839246325,0.550800411
33,0.696759259,0.696759259,0.777777778,0.739734686,0.839427492,0.539958484
34,0.696759259,0.696759259,0.780092593,0.732046722,0.839105778,0.537570825
35,0.696759259,0.696759259,0.777777778,0.724692737,0.839403098,0.532239041
36,0.696759259,0.696759259,0.791666667,0.717695018,0.839256617,0.52699249
37,0.696759259,0.696759259,0.784722222,0.711005969,0.839178599,0.521195779
38,0.696759259,0.696759259,0.787037037,0.704909551,0.83922521,0.518352197
39,0.696759259,0.696759259,0.793981481,0.698713746,0.839099243,0.514407071
40,0.696759259,0.696759259,0.782407407,0.692471569,0.839085333,0.510401965
41,0.696759259,0.696759259,0.793981481,0.687447536,0.839043297,0.504764307
42,0.696759259,0.696759259,0.798611111,0.683394633,0.839103463,0.502957309
43,0.696759259,0.696759259,0.798611111,0.677366161,0.839109826,0.498114997
44,0.696759259,0.696759259,0.805555556,0.672711423,0.839268157,0.495869134
45,0.696759259,0.696759259,0.800925926,0.668412814,0.839354992,0.492931709
46,0.696759259,0.696759259,0.819444444,0.665370499,0.839317051,0.493689513
47,0.696759259,0.696759259,0.803240741,0.661652838,0.83926503,0.487028257
48,0.696759259,0.696759259,0.8125,0.657569248,0.839050854,0.486796338
49,0.696759259,0.696759259,0.814814815,0.653995242,0.83933758,0.479616432
50,0.694444444,0.696759259,0.826388889,0.650935388,0.839058601,0.480851863
51,0.696759259,0.696759259,0.821759259,0.648532986,0.839481466,0.472958935
52,0.712962963,0.696759259,0.819444444,0.644866079,0.839368519,0.471445664
53,0.722222222,0.696759259,0.826388889,0.642447483,0.838574083,0.467983555
54,0.74537037,0.696759259,0.821759259,0.639929822,0.801680686,0.463011846
55,0.75462963,0.703703704,0.826388889,0.637541712,0.754160576,0.461388034
56,0.75462963,0.699074074,0.828703704,0.63498729,0.719483441,0.458617499
57,0.756944444,0.701388889,0.828703704,0.633208512,0.683057278,0.457834443
58,0.756944444,0.710648148,0.831018519,0.63052239,0.65309762,0.456306669
59,0.768518519,0.710648148,0.824074074,0.629085955,0.62802983,0.45802806
60,0.759259259,0.766203704,0.831018519,0.627223479,0.605339542,0.450732554
61,0.775462963,0.738425926,0.828703704,0.624420856,0.591251172,0.452128078
62,0.773148148,0.793981481,0.828703704,0.623919679,0.571096057,0.44525404
63,0.770833333,0.787037037,0.835648148,0.621789164,0.556881705,0.443547752
64,0.775462963,0.791666667,0.835648148,0.62061622,0.548809938,0.441330396
65,0.775462963,0.793981481,0.833333333,0.61851464,0.540555428,0.441882282
66,0.775462963,0.796296296,0.833333333,0.616943919,0.535542198,0.440244251
67,0.777777778,0.791666667,0.835648148,0.617238462,0.531110883,0.43606876
68,0.773148148,0.796296296,0.831018519,0.614498768,0.528212218,0.434533485
69,0.782407407,0.796296296,0.835648148,0.612921856,0.525910006,0.432710976
70,0.782407407,0.796296296,0.826388889,0.61185345,0.524600334,0.430725336
71,0.777777778,0.791666667,0.833333333,0.609975844,0.521314662,0.43024973
72,0.787037037,0.787037037,0.831018519,0.60938277,0.519040547,0.430310047
73,0.782407407,0.793981481,0.835648148,0.608263863,0.518154141,0.426217663
74,0.784722222,0.789351852,0.835648148,0.608082087,0.516866296,0.425967078
75,0.787037037,0.796296296,0.837962963,0.604722463,0.52039884,0.427219706
76,0.782407407,0.793981481,0.833333333,0.605263599,0.522521838,0.429581844
77,0.787037037,0.789351852,0.824074074,0.603458889,0.512314326,0.427050384
78,0.782407407,0.793981481,0.840277778,0.603290683,0.511263841,0.431503792
79,0.784722222,0.798611111,0.835648148,0.601863056,0.511005257,0.423948054
80,0.784722222,0.789351852,0.831018519,0.600069823,0.511345837,0.420184595
81,0.787037037,0.787037037,0.835648148,0.599547341,0.509739472,0.420866608
82,0.789351852,0.789351852,0.835648148,0.598280971,0.508696785,0.419252058
83,0.784722222,0.787037037,0.837962963,0.597720538,0.5105371,0.419034103
84,0.789351852,0.789351852,0.835648148,0.596876199,0.509166779,0.416571917
85,0.791666667,0.787037037,0.835648148,0.59540506,0.5057678,0.415212332
86,0.791666667,0.793981481,0.837962963,0.59394212,0.50435998,0.412827781
87,0.791666667,0.789351852,0.840277778,0.593304102,0.504717969,0.411709422
88,0.787037037,0.784722222,0.837962963,0.592203677,0.505459817,0.411419788
89,0.789351852,0.791666667,0.837962963,0.591430444,0.506012834,0.41182669
90,0.793981481,0.787037037,0.842592593,0.590696236,0.505419794,0.40978511
91,0.789351852,0.798611111,0.837962963,0.591047882,0.50420874,0.411345542
92,0.791666667,0.789351852,0.837962963,0.590070528,0.516343878,0.409974386
93,0.793981481,0.787037037,0.840277778,0.589398124,0.506698416,0.410072209
94,0.791666667,0.789351852,0.840277778,0.587613022,0.499845605,0.408742873
95,0.796296296,0.789351852,0.840277778,0.586199296,0.503719634,0.408158508
96,0.796296296,0.793981481,0.840277778,0.58637013,0.499905275,0.407177496
97,0.791666667,0.787037037,0.835648148,0.583729151,0.500321643,0.406258304
98,0.791666667,0.798611111,0.837962963,0.584443682,0.497557571,0.408126927
99,0.789351852,0.789351852,0.840277778,0.582589628,0.498686987,0.411586341
Learning Rate: 0.01, Max Iterations: 200, Num Hidden Layers: 3,,,,
Iteration,Set Four Logistic Accuracy,Set Four TanH Accuracy,Set Four ReLu Accuracy,Logistic Loss,TanH Loss,ReLu Loss
0,0.685185185,0.68287037,0.659722222,1.01573189,0.882900701,1.133701106
1,0.685185185,0.689814815,0.643518519,0.893203387,0.826916401,0.901140316
2,0.685185185,0.694444444,0.671296296,0.838983306,0.767279221,0.822333463
3,0.685185185,0.703703704,0.675925926,0.815462061,0.726934877,0.781485647
4,0.685185185,0.715277778,0.680555556,0.795339039,0.694944406,0.74850287
5,0.685185185,0.722222222,0.6875,0.782056835,0.669548748,0.728989846
6,0.685185185,0.722222222,0.6875,0.770403178,0.646589389,0.704883016
7,0.685185185,0.743055556,0.6875,0.75916175,0.624063194,0.675330343
8,0.685185185,0.724537037,0.69212963,0.750285099,0.608775473,0.657608578
9,0.685185185,0.75462963,0.708333333,0.740512726,0.598563511,0.634723109
10,0.685185185,0.763888889,0.715277778,0.728891125,0.584542891,0.615193595
11,0.685185185,0.759259259,0.719907407,0.71771977,0.573009285,0.598641375
12,0.685185185,0.773148148,0.733796296,0.707862619,0.564664949,0.583176974
13,0.685185185,0.770833333,0.743055556,0.696878056,0.555897227,0.570386657
14,0.685185185,0.777777778,0.75,0.686610156,0.548900765,0.558800599
15,0.685185185,0.780092593,0.759259259,0.676648399,0.541665239,0.551337834
16,0.685185185,0.780092593,0.766203704,0.667259169,0.536099278,0.540413652
17,0.685185185,0.780092593,0.768518519,0.658116557,0.528152773,0.533822824
18,0.685185185,0.787037037,0.789351852,0.649408191,0.520460233,0.528989207
19,0.68287037,0.784722222,0.784722222,0.640996533,0.514149066,0.52011892
20,0.6875,0.791666667,0.784722222,0.634207394,0.507331559,0.515523277
21,0.689814815,0.796296296,0.800925926,0.627396733,0.502129417,0.509122883
22,0.696759259,0.796296296,0.791666667,0.619981588,0.495913199,0.502674979
23,0.703703704,0.805555556,0.800925926,0.613396543,0.489487009,0.498322496
24,0.715277778,0.80787037,0.800925926,0.607478795,0.482093158,0.493084727
25,0.712962963,0.810185185,0.805555556,0.601434781,0.474881347,0.491455588
26,0.719907407,0.8125,0.810185185,0.596352745,0.468929684,0.483938186
27,0.724537037,0.821759259,0.80787037,0.591507065,0.462116522,0.478287074
28,0.724537037,0.819444444,0.80787037,0.587011048,0.457647946,0.474990981
29,0.724537037,0.826388889,0.814814815,0.581923129,0.451539806,0.469428735
30,0.726851852,0.819444444,0.8125,0.577338105,0.444454711,0.464109109
31,0.729166667,0.826388889,0.819444444,0.573590507,0.440649766,0.459324394
32,0.733796296,0.819444444,0.81712963,0.568614263,0.436831272,0.454648109
33,0.733796296,0.821759259,0.819444444,0.564548103,0.429499751,0.450275843
34,0.731481481,0.824074074,0.826388889,0.560916924,0.425109455,0.446170847
35,0.733796296,0.824074074,0.821759259,0.556867366,0.420310227,0.440953849
36,0.733796296,0.826388889,0.831018519,0.553545309,0.415126199,0.435919912
37,0.738425926,0.826388889,0.826388889,0.5493063,0.411836553,0.433375623
38,0.733796296,0.826388889,0.828703704,0.54611876,0.408348965,0.432236522
39,0.736111111,0.826388889,0.831018519,0.542864055,0.403898224,0.423478201
40,0.75,0.824074074,0.828703704,0.539613541,0.400562565,0.419105835
41,0.740740741,0.821759259,0.819444444,0.536223867,0.397615437,0.416533546
42,0.756944444,0.828703704,0.826388889,0.533313075,0.397186364,0.415656923
43,0.747685185,0.821759259,0.831018519,0.527117829,0.394632329,0.410481251
44,0.756944444,0.831018519,0.826388889,0.522299729,0.390074585,0.406327955
45,0.766203704,0.814814815,0.828703704,0.518081071,0.387730036,0.403425435
46,0.756944444,0.831018519,0.821759259,0.514674221,0.385245807,0.401104628
47,0.761574074,0.824074074,0.824074074,0.51098174,0.382704829,0.398322735
48,0.761574074,0.824074074,0.824074074,0.506925079,0.381424078,0.398496251
49,0.766203704,0.824074074,0.821759259,0.503139492,0.378768399,0.393760533
50,0.766203704,0.826388889,0.826388889,0.498920154,0.37857914,0.392235502
51,0.770833333,0.833333333,0.828703704,0.495529351,0.378664407,0.390980364
52,0.770833333,0.810185185,0.821759259,0.49249139,0.376546955,0.387307466
53,0.768518519,0.831018519,0.831018519,0.489489325,0.376758767,0.390221538
54,0.775462963,0.824074074,0.828703704,0.484633976,0.374054782,0.384866181
55,0.775462963,0.831018519,0.828703704,0.481421693,0.371454654,0.381423827
56,0.768518519,0.828703704,0.828703704,0.476703005,0.368594495,0.380257523
57,0.780092593,0.835648148,0.828703704,0.474093616,0.368957846,0.379046159
58,0.780092593,0.831018519,0.824074074,0.469691586,0.366584176,0.377475754
59,0.787037037,0.831018519,0.821759259,0.466744689,0.364760557,0.376325305
60,0.787037037,0.833333333,0.833333333,0.462161884,0.362775207,0.374564979
61,0.796296296,0.833333333,0.828703704,0.460048108,0.361771365,0.376123384
62,0.793981481,0.828703704,0.833333333,0.453018808,0.361579909,0.372611562
63,0.805555556,0.833333333,0.819444444,0.450057826,0.359567183,0.371382736
64,0.800925926,0.831018519,0.835648148,0.445754904,0.359090594,0.369741499
65,0.8125,0.831018519,0.831018519,0.443329686,0.359557045,0.369277927
66,0.8125,0.831018519,0.835648148,0.438250409,0.357114637,0.36798069
67,0.814814815,0.831018519,0.821759259,0.432561749,0.356016877,0.367095845
68,0.81712963,0.833333333,0.833333333,0.429259807,0.354236613,0.367899448
69,0.824074074,0.831018519,0.833333333,0.425163852,0.353099921,0.366207119
70,0.824074074,0.831018519,0.826388889,0.420987675,0.352969902,0.364521474
71,0.826388889,0.831018519,0.835648148,0.416608615,0.351258953,0.363037678
72,0.828703704,0.828703704,0.835648148,0.416447247,0.350475221,0.362700692
73,0.828703704,0.837962963,0.835648148,0.409592983,0.350336008,0.36127263
74,0.831018519,0.828703704,0.835648148,0.405814222,0.348792681,0.359900109
75,0.831018519,0.840277778,0.828703704,0.400082681,0.349548341,0.359051639
76,0.840277778,0.833333333,0.831018519,0.397643467,0.347778915,0.361549461
77,0.842592593,0.833333333,0.8125,0.393899729,0.346663986,0.365900372
78,0.833333333,0.837962963,0.833333333,0.3906083,0.346904107,0.361420876
79,0.837962963,0.833333333,0.821759259,0.386393833,0.345457058,0.36435444
80,0.840277778,0.833333333,0.835648148,0.38411477,0.344722731,0.357023621
81,0.842592593,0.831018519,0.835648148,0.379533767,0.343744622,0.354536036
82,0.849537037,0.837962963,0.826388889,0.375548569,0.343088855,0.355166501
83,0.847222222,0.819444444,0.833333333,0.372063561,0.343719539,0.353227639
84,0.851851852,0.840277778,0.819444444,0.368488347,0.343433102,0.352588739
85,0.847222222,0.814814815,0.835648148,0.365545195,0.345131886,0.353415037
86,0.854166667,0.842592593,0.8125,0.362226381,0.344109032,0.356521606
87,0.851851852,0.826388889,0.833333333,0.359243741,0.342528718,0.358959755
88,0.849537037,0.837962963,0.828703704,0.356814888,0.339425245,0.354844495
89,0.847222222,0.835648148,0.835648148,0.353716659,0.338699385,0.351876996
90,0.854166667,0.837962963,0.826388889,0.351890378,0.33936529,0.353829185
91,0.851851852,0.835648148,0.835648148,0.347838997,0.339798171,0.349265351
92,0.847222222,0.831018519,0.81712963,0.346403699,0.337953211,0.356938127
93,0.854166667,0.837962963,0.835648148,0.343255557,0.337471574,0.354084999
94,0.837962963,0.833333333,0.835648148,0.341049246,0.338584076,0.346863522
95,0.840277778,0.837962963,0.831018519,0.338892645,0.33618525,0.347484123
96,0.847222222,0.831018519,0.833333333,0.338302965,0.334656079,0.346221314
97,0.854166667,0.835648148,0.835648148,0.338311378,0.336624297,0.346117874
98,0.844907407,0.835648148,0.828703704,0.335944548,0.335462598,0.346929841
99,0.851851852,0.835648148,0.835648148,0.32952154,0.333811071,0.343973884
Learning Rate: 0.1, Max Iterations: 100, Num Hidden Layers: 2,,,,
Iteration,Set Five Logistic Accuracy,Set Five TanH Accuracy,Set Five ReLu Accuracy,Logistic Loss,TanH Loss,ReLu Loss
0,0.6875,0.6875,0.6875,1.046032144,1.168010631,0.985061001
1,0.6875,0.6875,0.743055556,0.879037075,0.840816303,0.740407472
2,0.6875,0.6875,0.770833333,0.850372634,0.845754829,0.685262595
3,0.6875,0.6875,0.782407407,0.841879722,0.836294151,0.640543976
4,0.6875,0.6875,0.775462963,0.834821977,0.846179516,0.608568732
5,0.6875,0.6875,0.791666667,0.835017678,0.849770455,0.589400608
6,0.6875,0.6875,0.75462963,0.836452783,0.841968005,0.567284307
7,0.6875,0.6875,0.740740741,0.833769933,0.842335564,0.568948331
8,0.6875,0.6875,0.780092593,0.833195589,0.835241103,0.559051362
9,0.6875,0.6875,0.796296296,0.836043888,0.835772919,0.542357612
10,0.6875,0.6875,0.784722222,0.834494368,0.835418126,0.532581771
11,0.6875,0.6875,0.796296296,0.834358123,0.83425452,0.528332953
12,0.6875,0.6875,0.782407407,0.834698539,0.833911572,0.521971714
13,0.6875,0.6875,0.787037037,0.835682429,0.832932168,0.520250219
14,0.6875,0.6875,0.777777778,0.833385082,0.835857146,0.504155136
15,0.6875,0.6875,0.798611111,0.820407145,0.83439935,0.504407764
16,0.6875,0.6875,0.784722222,0.787550418,0.833310956,0.507052003
17,0.6875,0.6875,0.798611111,0.751319212,0.833535562,0.523148815
18,0.6875,0.6875,0.782407407,0.70978508,0.834337177,0.495632644
19,0.6875,0.6875,0.763888889,0.671591344,0.835592894,0.510160274
20,0.775462963,0.6875,0.782407407,0.653736743,0.834535048,0.507683298
21,0.747685185,0.6875,0.796296296,0.621097745,0.835382155,0.489955646
22,0.775462963,0.6875,0.766203704,0.613496974,0.833406226,0.504028788
23,0.791666667,0.6875,0.796296296,0.612667253,0.834187948,0.503115735
24,0.784722222,0.6875,0.800925926,0.595046436,0.833921356,0.493342205
25,0.782407407,0.6875,0.777777778,0.58478979,0.836029697,0.483439823
26,0.796296296,0.6875,0.796296296,0.601151317,0.83519004,0.49654832
27,0.784722222,0.6875,0.821759259,0.57700538,0.835579093,0.489937093
28,0.787037037,0.6875,0.780092593,0.56811525,0.833750117,0.51259284
29,0.784722222,0.6875,0.784722222,0.569733549,0.834103505,0.528114848
30,0.793981481,0.6875,0.791666667,0.566448043,0.836894841,0.507101864
31,0.787037037,0.6875,0.793981481,0.5503655,0.833982759,0.500755115
32,0.782407407,0.6875,0.798611111,0.542614252,0.837447769,0.492618718
33,0.787037037,0.6875,0.763888889,0.548866892,0.835798582,0.491973701
34,0.784722222,0.6875,0.819444444,0.536115377,0.833647809,0.501683188
35,0.791666667,0.6875,0.777777778,0.530462084,0.835580447,0.519168571
36,0.780092593,0.6875,0.782407407,0.522841938,0.833338362,0.50729426
37,0.793981481,0.6875,0.775462963,0.522844383,0.834092371,0.488050557
38,0.800925926,0.6875,0.793981481,0.515492503,0.837731371,0.491887048
39,0.798611111,0.6875,0.798611111,0.516908978,0.834984684,0.487546761
40,0.787037037,0.6875,0.798611111,0.519894676,0.836297912,0.492602732
41,0.789351852,0.6875,0.803240741,0.525990789,0.833946262,0.481647615
42,0.796296296,0.6875,0.826388889,0.542165176,0.835618995,0.483910929
43,0.789351852,0.6875,0.805555556,0.521030654,0.83420434,0.478604541
44,0.793981481,0.6875,0.819444444,0.508908849,0.836679968,0.478293253
45,0.793981481,0.6875,0.780092593,0.519515489,0.836854428,0.497756468
46,0.800925926,0.6875,0.824074074,0.515326828,0.846223532,0.488648725
47,0.798611111,0.6875,0.798611111,0.51323974,0.843047939,0.479203276
48,0.789351852,0.6875,0.768518519,0.508207244,0.837794182,0.486033007
49,0.793981481,0.6875,0.821759259,0.505381522,0.836009143,0.493556743
50,0.791666667,0.6875,0.793981481,0.505240643,0.834592757,0.483347705
51,0.791666667,0.6875,0.761574074,0.508178853,0.833776646,0.525364466
52,0.791666667,0.6875,0.775462963,0.507326462,0.837268505,0.524227892
53,0.793981481,0.6875,0.770833333,0.503158332,0.837437446,0.50040413
54,0.789351852,0.6875,0.763888889,0.514680745,0.833547015,0.502516214
55,0.796296296,0.6875,0.796296296,0.509951837,0.836203948,0.51097647
56,0.793981481,0.6875,0.782407407,0.50671327,0.834401784,0.49944644
57,0.793981481,0.6875,0.80787037,0.507773258,0.83736331,0.487814122
58,0.770833333,0.6875,0.784722222,0.498800812,0.835422827,0.489159997
59,0.784722222,0.6875,0.828703704,0.522162214,0.833946142,0.484554411
60,0.770833333,0.6875,0.800925926,0.51532343,0.832175004,0.479041743
61,0.780092593,0.6875,0.787037037,0.502510888,0.834503608,0.477298161
62,0.789351852,0.6875,0.787037037,0.50744348,0.835194121,0.480475097
63,0.796296296,0.6875,0.821759259,0.497520369,0.834681801,0.483810489
64,0.793981481,0.6875,0.824074074,0.496946574,0.834412578,0.481381713
65,0.793981481,0.6875,0.81712963,0.495562882,0.836213444,0.503452816
66,0.793981481,0.6875,0.800925926,0.512021377,0.836358234,0.494197119
67,0.791666667,0.6875,0.761574074,0.506542966,0.837219432,0.50369312
68,0.787037037,0.6875,0.780092593,0.496338564,0.8386123,0.502462185
69,0.798611111,0.6875,0.782407407,0.496458255,0.834588892,0.500125619
70,0.789351852,0.6875,0.793981481,0.495823307,0.834891884,0.502216403
71,0.787037037,0.6875,0.8125,0.512725008,0.833803945,0.524538714
72,0.789351852,0.6875,0.798611111,0.508014568,0.834821517,0.492217487
73,0.798611111,0.6875,0.793981481,0.495184929,0.834459191,0.490923002
74,0.798611111,0.6875,0.826388889,0.495308119,0.835498144,0.505144431
75,0.784722222,0.6875,0.814814815,0.49386382,0.837589538,0.494395024
76,0.775462963,0.6875,0.780092593,0.493604719,0.833907533,0.484976309
77,0.793981481,0.6875,0.798611111,0.495045255,0.840604772,0.487124579
78,0.796296296,0.6875,0.810185185,0.496418338,0.835799098,0.510345852
79,0.789351852,0.6875,0.773148148,0.496095019,0.837543592,0.518047938
80,0.793981481,0.6875,0.819444444,0.493442088,0.836126729,0.519485499
81,0.784722222,0.6875,0.800925926,0.499817967,0.834379546,0.503614134
82,0.782407407,0.6875,0.791666667,0.492951244,0.835469397,0.48193892
83,0.768518519,0.6875,0.824074074,0.495271626,0.835392799,0.476145114
84,0.789351852,0.6875,0.826388889,0.507435303,0.835392579,0.492719507
85,0.791666667,0.6875,0.803240741,0.495953547,0.836011185,0.47664535
86,0.789351852,0.6875,0.810185185,0.496945753,0.833237394,0.476000391
87,0.789351852,0.6875,0.814814815,0.500169063,0.836003119,0.478388848
88,0.782407407,0.6875,0.821759259,0.513155916,0.832659347,0.489022974
89,0.791666667,0.6875,0.821759259,0.519679626,0.834820192,0.472876253
90,0.793981481,0.6875,0.826388889,0.504384155,0.833677398,0.474144141
91,0.796296296,0.6875,0.8125,0.49245707,0.834969782,0.477069803
92,0.796296296,0.6875,0.80787037,0.490373321,0.835361193,0.486511791
93,0.784722222,0.6875,0.81712963,0.490246122,0.833862925,0.476512964
94,0.787037037,0.6875,0.759259259,0.493563594,0.835957391,0.505550874
95,0.798611111,0.6875,0.798611111,0.491603627,0.836306578,0.509953729
96,0.789351852,0.6875,0.819444444,0.490168017,0.835039657,0.487278514
97,0.789351852,0.6875,0.791666667,0.495121317,0.834424822,0.514558601
98,0.798611111,0.6875,0.803240741,0.489500326,0.83398368,0.537309991
99,0.796296296,0.6875,0.805555556,0.492332606,0.833816485,0.505699885
Learning Rate: 0.1, Max Iterations: 100, Num Hidden Layers: 3,,,,
Iteration,Set Six Logistic Accuracy,Set Six TanH Accuracy,Set Six ReLu Accuracy,Logistic Loss,TanH Loss,ReLu Loss
0,0.69212963,0.69212963,0.69212963,1.07513723,0.867984175,0.941884012
1,0.69212963,0.69212963,0.592592593,0.845395811,0.788837728,0.743341798
2,0.69212963,0.69212963,0.69212963,0.864215972,0.709933049,0.686902978
3,0.69212963,0.69212963,0.724537037,0.834838748,0.669194502,0.631891088
4,0.69212963,0.69212963,0.740740741,0.827374588,0.656812322,0.584478258
5,0.69212963,0.69212963,0.782407407,0.827576448,0.651421887,0.539667339
6,0.69212963,0.69212963,0.805555556,0.82796457,0.641502619,0.502605826
7,0.69212963,0.69212963,0.81712963,0.824479014,0.632093252,0.462078295
8,0.69212963,0.685185185,0.824074074,0.823328441,0.623624247,0.431059501
9,0.69212963,0.701388889,0.8125,0.823682132,0.606863629,0.425901955
10,0.69212963,0.706018519,0.805555556,0.822766859,0.566467043,0.402799967
11,0.69212963,0.747685185,0.826388889,0.821842345,0.547529103,0.400253276
12,0.69212963,0.763888889,0.814814815,0.82168977,0.484634187,0.391889556
13,0.69212963,0.731481481,0.842592593,0.825736315,0.446784378,0.386455643
14,0.69212963,0.805555556,0.814814815,0.825200543,0.451385705,0.387186766
15,0.69212963,0.784722222,0.835648148,0.823672864,0.412829899,0.387922541
16,0.69212963,0.803240741,0.835648148,0.822194478,0.411203891,0.371588498
17,0.69212963,0.777777778,0.81712963,0.823453083,0.416715397,0.387000066
18,0.69212963,0.789351852,0.826388889,0.823008703,0.419154514,0.388282307
19,0.69212963,0.810185185,0.837962963,0.822829567,0.403979922,0.385512433
20,0.69212963,0.80787037,0.837962963,0.822759889,0.423939162,0.362121882
21,0.69212963,0.784722222,0.831018519,0.822539895,0.423385184,0.36382433
22,0.69212963,0.784722222,0.835648148,0.823658089,0.43289741,0.360986061
23,0.69212963,0.796296296,0.833333333,0.825303273,0.385388891,0.359690082
24,0.69212963,0.824074074,0.837962963,0.825548742,0.39848574,0.348016034
25,0.69212963,0.805555556,0.828703704,0.831367835,0.436373104,0.343504228
26,0.69212963,0.784722222,0.835648148,0.829099737,0.408584636,0.356931548
27,0.69212963,0.803240741,0.842592593,0.826662316,0.419341998,0.334700755
28,0.69212963,0.814814815,0.837962963,0.825322085,0.389350215,0.335410877
29,0.69212963,0.793981481,0.844907407,0.822591285,0.39039278,0.348360076
30,0.69212963,0.763888889,0.805555556,0.825905033,0.379260748,0.355777958
31,0.69212963,0.819444444,0.828703704,0.822920278,0.388084775,0.380836407
32,0.69212963,0.796296296,0.800925926,0.824371088,0.392480919,0.35803111
33,0.69212963,0.803240741,0.854166667,0.823040093,0.386396027,0.363562518
34,0.69212963,0.798611111,0.826388889,0.826211909,0.437047955,0.337860934
35,0.69212963,0.791666667,0.826388889,0.83277555,0.425658235,0.336290223
36,0.69212963,0.8125,0.828703704,0.823703449,0.417648136,0.341258312
37,0.69212963,0.805555556,0.837962963,0.829450042,0.400923202,0.320093517
38,0.69212963,0.761574074,0.831018519,0.829972514,0.383137602,0.318574687
39,0.69212963,0.798611111,0.858796296,0.825582039,0.380783775,0.329973925
40,0.69212963,0.796296296,0.828703704,0.823987163,0.371331993,0.316903129
41,0.69212963,0.780092593,0.856481481,0.823585366,0.373484816,0.391098635
42,0.69212963,0.805555556,0.819444444,0.823395868,0.380969696,0.369823909
43,0.69212963,0.8125,0.80787037,0.827397225,0.383029024,0.351446061
44,0.69212963,0.798611111,0.826388889,0.810367196,0.375376872,0.353811849
45,0.710648148,0.81712963,0.835648148,0.712244314,0.378988667,0.330579843
46,0.706018519,0.793981481,0.851851852,0.630055747,0.37641076,0.321601151
47,0.715277778,0.798611111,0.8125,0.633975679,0.386521402,0.330346437
48,0.719907407,0.81712963,0.863425926,0.608399458,0.398300293,0.341177727
49,0.724537037,0.798611111,0.840277778,0.59050075,0.381123198,0.345695056
50,0.729166667,0.798611111,0.858796296,0.57317627,0.365720038,0.338677006
51,0.733796296,0.787037037,0.858796296,0.56605677,0.366337973,0.315362959
52,0.710648148,0.789351852,0.858796296,0.563331629,0.374000778,0.308472852
53,0.773148148,0.74537037,0.849537037,0.576958969,0.370279482,0.306281946
54,0.75462963,0.780092593,0.847222222,0.555332992,0.387813858,0.303365574
55,0.763888889,0.796296296,0.844907407,0.53962975,0.369281078,0.324587011
56,0.740740741,0.821759259,0.856481481,0.539049389,0.370883355,0.313806361
57,0.740740741,0.814814815,0.865740741,0.528420045,0.383269241,0.312492853
58,0.736111111,0.791666667,0.868055556,0.528153328,0.379505227,0.324923806
59,0.759259259,0.773148148,0.833333333,0.513650124,0.37988962,0.323860163
60,0.768518519,0.763888889,0.819444444,0.516835862,0.373230145,0.318651383
61,0.766203704,0.722222222,0.868055556,0.509507647,0.389550052,0.352651621
62,0.768518519,0.743055556,0.861111111,0.501713242,0.411183871,0.305869872
63,0.766203704,0.789351852,0.854166667,0.493271056,0.383361139,0.300552328
64,0.766203704,0.80787037,0.865740741,0.505030611,0.368424286,0.309057752
65,0.719907407,0.791666667,0.856481481,0.514692146,0.376822161,0.293558019
66,0.726851852,0.810185185,0.861111111,0.515565986,0.367874092,0.319394401
67,0.763888889,0.814814815,0.844907407,0.493423879,0.384152275,0.322974613
68,0.768518519,0.763888889,0.861111111,0.48149988,0.388637914,0.326110744
69,0.768518519,0.824074074,0.854166667,0.483761239,0.369515348,0.347409424
70,0.766203704,0.81712963,0.861111111,0.480925284,0.377979284,0.3173723
71,0.768518519,0.814814815,0.835648148,0.477711426,0.36326519,0.315031405
72,0.770833333,0.80787037,0.828703704,0.476874146,0.371628211,0.328506219
73,0.756944444,0.819444444,0.856481481,0.4869117,0.399506937,0.338370625
74,0.752314815,0.803240741,0.87037037,0.506846433,0.422929392,0.305132262
75,0.736111111,0.810185185,0.863425926,0.489237847,0.390253664,0.308133939
76,0.75462963,0.805555556,0.863425926,0.491869795,0.372949826,0.2987319
77,0.770833333,0.803240741,0.872685185,0.477812615,0.376164083,0.294152362
78,0.773148148,0.810185185,0.854166667,0.475701436,0.363986435,0.296347415
79,0.75462963,0.821759259,0.814814815,0.477977845,0.361047204,0.330361145
80,0.75,0.805555556,0.863425926,0.477450807,0.383053194,0.322345502
81,0.75462963,0.800925926,0.849537037,0.484416092,0.359654394,0.326024804
82,0.770833333,0.805555556,0.851851852,0.474500672,0.373510994,0.318763024
83,0.768518519,0.800925926,0.868055556,0.470607978,0.364783192,0.308559539
84,0.763888889,0.814814815,0.849537037,0.483656225,0.36294599,0.297556755
85,0.770833333,0.796296296,0.858796296,0.471604262,0.373110685,0.29966956
86,0.768518519,0.773148148,0.863425926,0.467602127,0.382431795,0.288764413
87,0.766203704,0.8125,0.861111111,0.497907953,0.3902911,0.294899671
88,0.768518519,0.805555556,0.863425926,0.474616071,0.36716697,0.297531251
89,0.763888889,0.773148148,0.863425926,0.469014924,0.372217053,0.293499465
90,0.766203704,0.831018519,0.861111111,0.491640877,0.36740643,0.321827183
91,0.759259259,0.782407407,0.847222222,0.503523198,0.365585798,0.330993544
92,0.768518519,0.782407407,0.849537037,0.48181705,0.38754241,0.344445683
93,0.773148148,0.828703704,0.840277778,0.475293525,0.363939329,0.366803449
94,0.766203704,0.814814815,0.833333333,0.479495884,0.375800324,0.396633412
95,0.761574074,0.819444444,0.844907407,0.471643189,0.36620112,0.362257667
96,0.770833333,0.814814815,0.828703704,0.46464343,0.362964176,0.338682388
97,0.770833333,0.805555556,0.865740741,0.466623827,0.361346879,0.317566845
98,0.773148148,0.738425926,0.865740741,0.46612143,0.365541209,0.310568339
99,0.770833333,0.80787037,0.87037037,0.470184096,0.384146768,0.302695639
Learning Rate: 0.1, Max Iterations: 200, Num Hidden Layers: 2,,,,
Iteration,Set Seven Logistic Accuracy,Set Seven TanH Accuracy,Set Seven ReLu Accuracy,Logistic Loss,TanH Loss,ReLu Loss
0,0.68287037,0.68287037,0.68287037,1.018475736,1.409857702,0.988726898
1,0.68287037,0.68287037,0.68287037,0.850293105,0.846043603,0.829508672
2,0.68287037,0.68287037,0.68287037,0.857137696,0.848966993,0.81946129
3,0.68287037,0.68287037,0.68287037,0.830152132,0.848917069,0.74768546
4,0.68287037,0.68287037,0.68287037,0.822390279,0.831004111,0.70256715
5,0.68287037,0.68287037,0.703703704,0.821321226,0.81961005,0.671169841
6,0.68287037,0.68287037,0.708333333,0.821320947,0.823869935,0.64111759
7,0.68287037,0.68287037,0.731481481,0.820016176,0.820445047,0.593077619
8,0.68287037,0.68287037,0.733796296,0.818728735,0.818787535,0.57187509
9,0.68287037,0.68287037,0.743055556,0.819183354,0.818983277,0.563715209
10,0.68287037,0.68287037,0.752314815,0.818404561,0.818967638,0.567387197
11,0.68287037,0.68287037,0.752314815,0.818357726,0.823212652,0.538489612
12,0.68287037,0.68287037,0.75,0.820882591,0.82818904,0.550815202
13,0.68287037,0.68287037,0.736111111,0.81981466,0.823516245,0.529316221
14,0.68287037,0.68287037,0.747685185,0.819626489,0.822831322,0.52464789
15,0.68287037,0.68287037,0.75,0.81946297,0.819691221,0.557925164
16,0.68287037,0.68287037,0.75462963,0.819023744,0.818206332,0.529136533
17,0.68287037,0.68287037,0.75462963,0.822927505,0.818892907,0.515252727
18,0.68287037,0.68287037,0.75462963,0.822911254,0.818262848,0.504849822
19,0.68287037,0.68287037,0.775462963,0.819222462,0.818951725,0.510438451
20,0.68287037,0.68287037,0.768518519,0.818680002,0.823127828,0.501122888
21,0.68287037,0.68287037,0.759259259,0.81904003,0.823702842,0.491623781
22,0.68287037,0.68287037,0.759259259,0.82119722,0.822139243,0.502023605
23,0.68287037,0.68287037,0.75462963,0.819667474,0.825510755,0.489223454
24,0.68287037,0.68287037,0.726851852,0.828751404,0.819453479,0.497639259
25,0.68287037,0.68287037,0.784722222,0.820499728,0.818893848,0.528906479
26,0.68287037,0.68287037,0.784722222,0.828269585,0.819237853,0.50085855
27,0.68287037,0.68287037,0.743055556,0.821502338,0.818820005,0.512837578
28,0.68287037,0.68287037,0.763888889,0.834810965,0.82340653,0.54118982
29,0.68287037,0.68287037,0.777777778,0.827544349,0.828133318,0.515823936
30,0.68287037,0.68287037,0.740740741,0.838520114,0.823814562,0.520603727
31,0.68287037,0.68287037,0.784722222,0.829609144,0.824249577,0.514812052
32,0.68287037,0.68287037,0.763888889,0.824177754,0.82723957,0.492753528
33,0.68287037,0.68287037,0.752314815,0.820746431,0.825232726,0.491638389
34,0.68287037,0.68287037,0.763888889,0.822576489,0.829351673,0.493309002
35,0.68287037,0.68287037,0.756944444,0.820412136,0.830947304,0.505474902
36,0.68287037,0.68287037,0.761574074,0.818706637,0.822604077,0.488137506
37,0.68287037,0.68287037,0.770833333,0.820311042,0.821813148,0.486282589
38,0.68287037,0.68287037,0.782407407,0.818212344,0.822400855,0.482666598
39,0.68287037,0.68287037,0.766203704,0.819938523,0.81882757,0.486015223
40,0.68287037,0.68287037,0.787037037,0.820136916,0.819448802,0.479022554
41,0.68287037,0.68287037,0.759259259,0.829796298,0.818528228,0.481650395
42,0.68287037,0.68287037,0.752314815,0.823852628,0.820286773,0.497840018
43,0.68287037,0.68287037,0.780092593,0.825062903,0.818473392,0.483804971
44,0.68287037,0.68287037,0.773148148,0.822378448,0.820319833,0.482792026
45,0.68287037,0.68287037,0.75,0.822646348,0.819648792,0.486295519
46,0.68287037,0.68287037,0.740740741,0.824006995,0.818528824,0.478971998
47,0.68287037,0.68287037,0.740740741,0.825649963,0.819313251,0.507590844
48,0.68287037,0.68287037,0.743055556,0.820816427,0.823844607,0.508365692
49,0.68287037,0.68287037,0.747685185,0.820111242,0.81959863,0.501959289
50,0.68287037,0.68287037,0.773148148,0.819566184,0.819949657,0.485388209
51,0.68287037,0.68287037,0.784722222,0.820159312,0.819131574,0.474537093
52,0.68287037,0.68287037,0.759259259,0.820953318,0.819966364,0.47675357
53,0.68287037,0.68287037,0.759259259,0.820539878,0.818871548,0.47966024
54,0.68287037,0.68287037,0.75462963,0.819993954,0.82036693,0.505010307
55,0.68287037,0.68287037,0.763888889,0.820368058,0.821456142,0.512061292
56,0.68287037,0.68287037,0.763888889,0.81921312,0.818873401,0.519064285
57,0.68287037,0.68287037,0.756944444,0.826107154,0.820716717,0.493904526
58,0.68287037,0.68287037,0.759259259,0.829719192,0.819867432,0.479858033
59,0.68287037,0.68287037,0.759259259,0.822863921,0.820676198,0.477793506
60,0.68287037,0.68287037,0.747685185,0.82007317,0.820854557,0.474829114
61,0.68287037,0.68287037,0.763888889,0.821794566,0.819232153,0.498390251
62,0.68287037,0.68287037,0.796296296,0.819316341,0.819682128,0.496342269
63,0.68287037,0.68287037,0.780092593,0.820800174,0.821327076,0.496787061
64,0.68287037,0.68287037,0.766203704,0.820261648,0.827201529,0.484443906
65,0.68287037,0.68287037,0.768518519,0.822238678,0.824835457,0.490719786
66,0.68287037,0.68287037,0.743055556,0.820326025,0.81900802,0.492606839
67,0.68287037,0.68287037,0.74537037,0.822038979,0.820301792,0.504256743
68,0.68287037,0.68287037,0.736111111,0.829760578,0.819496897,0.48577057
69,0.68287037,0.68287037,0.756944444,0.818222819,0.818609397,0.507001672
70,0.68287037,0.68287037,0.738425926,0.819312326,0.823043747,0.475655218
71,0.68287037,0.68287037,0.752314815,0.81989101,0.820547217,0.499107876
72,0.68287037,0.68287037,0.773148148,0.827058427,0.820804357,0.479221597
73,0.68287037,0.68287037,0.766203704,0.82277742,0.825317323,0.47386359
74,0.68287037,0.68287037,0.775462963,0.818711784,0.820450384,0.477109089
75,0.68287037,0.68287037,0.777777778,0.820650088,0.821703873,0.480811535
76,0.68287037,0.68287037,0.782407407,0.822906541,0.821027459,0.484730377
77,0.68287037,0.68287037,0.791666667,0.819044806,0.819180178,0.473377586
78,0.68287037,0.68287037,0.782407407,0.820136228,0.824700301,0.46989021
79,0.68287037,0.68287037,0.773148148,0.821993885,0.821319347,0.471055267
80,0.68287037,0.68287037,0.770833333,0.819067563,0.821872994,0.472438721
81,0.68287037,0.68287037,0.800925926,0.819537213,0.82029904,0.478548913
82,0.68287037,0.68287037,0.793981481,0.820579974,0.81937149,0.470234141
83,0.68287037,0.68287037,0.805555556,0.819663965,0.821402021,0.47843663
84,0.68287037,0.68287037,0.759259259,0.821495306,0.819791803,0.47727587
85,0.68287037,0.68287037,0.791666667,0.819387184,0.819741726,0.494653864
86,0.68287037,0.68287037,0.798611111,0.822716717,0.821232036,0.485686606
87,0.68287037,0.68287037,0.780092593,0.81865512,0.818636959,0.48558689
88,0.68287037,0.68287037,0.777777778,0.819365216,0.818904871,0.507030052
89,0.68287037,0.68287037,0.780092593,0.819710978,0.820804503,0.50538267
90,0.68287037,0.68287037,0.761574074,0.81828061,0.822018027,0.470887041
91,0.68287037,0.68287037,0.756944444,0.820143649,0.822321179,0.470415855
92,0.68287037,0.68287037,0.75462963,0.82002986,0.825850583,0.475128929
93,0.68287037,0.68287037,0.793981481,0.824561623,0.824345864,0.489028199
94,0.68287037,0.68287037,0.784722222,0.824037649,0.820182434,0.468976272
95,0.68287037,0.68287037,0.796296296,0.821678909,0.819638701,0.484704456
96,0.68287037,0.68287037,0.782407407,0.819195716,0.820373779,0.470538461
97,0.68287037,0.68287037,0.777777778,0.820157737,0.820912816,0.465444
98,0.68287037,0.68287037,0.75,0.82263462,0.821682455,0.48359676
99,0.68287037,0.68287037,0.793981481,0.820411312,0.823917786,0.506323021
Learning Rate: 0.1, Max Iterations: 200, Num Hidden Layers: 3,,,,
Iteration,Set Eight Logistic Accuracy,Set Eight TanH Accuracy,Set Eight ReLu Accuracy,Logistic Loss,TanH Loss,ReLu Loss
0,0.671296296,0.671296296,0.671296296,1.035057259,1.463346727,1.174434424
1,0.671296296,0.671296296,0.671296296,0.871355758,0.771371961,0.811977784
2,0.671296296,0.671296296,0.671296296,0.856239338,0.710839092,0.798463145
3,0.671296296,0.743055556,0.671296296,0.844349067,0.650211798,0.719456378
4,0.671296296,0.740740741,0.671296296,0.833047958,0.62799474,0.68311333
5,0.671296296,0.761574074,0.740740741,0.833742035,0.614755667,0.650971287
6,0.671296296,0.756944444,0.712962963,0.83192815,0.5705838,0.649858299
7,0.671296296,0.763888889,0.736111111,0.830251716,0.567938611,0.602938017
8,0.671296296,0.756944444,0.747685185,0.832345893,0.554493289,0.575604295
9,0.671296296,0.756944444,0.738425926,0.831763082,0.549571022,0.587128027
10,0.671296296,0.777777778,0.75462963,0.833343351,0.538053892,0.574664961
11,0.671296296,0.731481481,0.761574074,0.83203834,0.563340308,0.562000345
12,0.671296296,0.731481481,0.726851852,0.830598451,0.537951217,0.546116697
13,0.671296296,0.752314815,0.710648148,0.83119444,0.520530704,0.553100153
14,0.671296296,0.766203704,0.6875,0.831938601,0.531313555,0.558770802
15,0.671296296,0.782407407,0.736111111,0.83059915,0.526978744,0.556598022
16,0.671296296,0.759259259,0.736111111,0.832989109,0.50908667,0.531139207
17,0.671296296,0.777777778,0.768518519,0.831022316,0.505410779,0.534577195
18,0.671296296,0.777777778,0.766203704,0.831495948,0.50923681,0.517284986
19,0.671296296,0.731481481,0.775462963,0.831620365,0.511054699,0.507635067
20,0.671296296,0.759259259,0.766203704,0.830439055,0.513445972,0.502219991
21,0.671296296,0.780092593,0.710648148,0.831916308,0.549615649,0.516759639
22,0.671296296,0.761574074,0.719907407,0.831761188,0.501804998,0.524412416
23,0.671296296,0.752314815,0.738425926,0.835935211,0.501260974,0.514154216
24,0.671296296,0.759259259,0.736111111,0.831355098,0.512443419,0.500236192
25,0.671296296,0.763888889,0.773148148,0.832143642,0.49191726,0.519117319
26,0.671296296,0.766203704,0.784722222,0.835457787,0.512512586,0.507372592
27,0.671296296,0.773148148,0.780092593,0.831755501,0.528754066,0.497181386
28,0.671296296,0.770833333,0.763888889,0.829777059,0.526663857,0.512501483
29,0.671296296,0.777777778,0.763888889,0.831088017,0.531344132,0.577291886
30,0.671296296,0.789351852,0.780092593,0.836970016,0.523238076,0.551940961
31,0.671296296,0.782407407,0.775462963,0.83497201,0.511548201,0.513859791
32,0.671296296,0.775462963,0.768518519,0.832034735,0.51806991,0.519020551
33,0.671296296,0.770833333,0.74537037,0.830045453,0.528521307,0.493951875
34,0.671296296,0.789351852,0.768518519,0.831755804,0.541219374,0.500317372
35,0.671296296,0.775462963,0.763888889,0.830042476,0.520488644,0.492995581
36,0.671296296,0.777777778,0.770833333,0.83432757,0.491795632,0.495751984
37,0.671296296,0.75462963,0.787037037,0.840207827,0.492705736,0.485360035
38,0.671296296,0.775462963,0.789351852,0.837589058,0.500121328,0.489500643
39,0.671296296,0.770833333,0.775462963,0.836940454,0.488127057,0.490111452
40,0.671296296,0.782407407,0.777777778,0.833681532,0.496190129,0.480219695
41,0.671296296,0.766203704,0.789351852,0.831822458,0.489344508,0.485552138
42,0.671296296,0.761574074,0.773148148,0.833917702,0.48474549,0.481776843
43,0.671296296,0.752314815,0.798611111,0.831404169,0.50072279,0.480509574
44,0.671296296,0.747685185,0.782407407,0.829689536,0.486068722,0.503711438
45,0.671296296,0.731481481,0.768518519,0.831183041,0.497376223,0.483683193
46,0.671296296,0.763888889,0.773148148,0.825412949,0.496540328,0.47919723
47,0.712962963,0.766203704,0.782407407,0.733214486,0.480321842,0.48103887
48,0.740740741,0.780092593,0.773148148,0.640113961,0.479643182,0.486605506
49,0.752314815,0.773148148,0.798611111,0.599220617,0.478883562,0.479244004
50,0.710648148,0.787037037,0.787037037,0.560231064,0.50156122,0.483897266
51,0.680555556,0.787037037,0.793981481,0.559548772,0.501436443,0.477382132
52,0.712962963,0.787037037,0.796296296,0.567231659,0.486173524,0.507924733
53,0.763888889,0.775462963,0.773148148,0.535376455,0.48410017,0.496474409
54,0.761574074,0.777777778,0.756944444,0.517164886,0.475342072,0.491412492
55,0.775462963,0.75,0.789351852,0.505933519,0.480838724,0.489852694
56,0.761574074,0.752314815,0.787037037,0.507462797,0.487603043,0.499410437
57,0.761574074,0.782407407,0.773148148,0.489748695,0.496561472,0.560070237
58,0.761574074,0.798611111,0.777777778,0.48249739,0.49679606,0.52056833
59,0.784722222,0.796296296,0.777777778,0.493028846,0.531499899,0.499812979
60,0.793981481,0.789351852,0.784722222,0.487212966,0.53913327,0.50102811
61,0.736111111,0.787037037,0.763888889,0.481805198,0.509091726,0.487777633
62,0.8125,0.773148148,0.773148148,0.489999581,0.486586955,0.508647234
63,0.743055556,0.784722222,0.784722222,0.468805753,0.483667249,0.504136201
64,0.803240741,0.791666667,0.761574074,0.489406762,0.477649465,0.505953902
65,0.793981481,0.770833333,0.766203704,0.497436965,0.482495593,0.502359049
66,0.793981481,0.770833333,0.782407407,0.467300597,0.48771219,0.491214083
67,0.787037037,0.796296296,0.775462963,0.489181583,0.507461611,0.499161337
68,0.8125,0.800925926,0.787037037,0.465369406,0.531584264,0.481597662
69,0.810185185,0.777777778,0.777777778,0.461830118,0.536252938,0.477936811
70,0.763888889,0.784722222,0.787037037,0.482388758,0.534171287,0.476804822
71,0.738425926,0.770833333,0.775462963,0.486942033,0.508007616,0.473870379
72,0.726851852,0.747685185,0.810185185,0.517505109,0.508808696,0.475491311
73,0.770833333,0.75,0.803240741,0.535919513,0.520043465,0.47636113
74,0.810185185,0.768518519,0.773148148,0.522377413,0.488459278,0.476295011
75,0.766203704,0.780092593,0.761574074,0.5029974,0.480504446,0.489655135
76,0.747685185,0.791666667,0.800925926,0.503440427,0.47929511,0.472747327
77,0.800925926,0.791666667,0.798611111,0.469300851,0.48072477,0.488737174
78,0.80787037,0.789351852,0.793981481,0.469950653,0.480841279,0.495057524
79,0.796296296,0.787037037,0.768518519,0.476700491,0.483213469,0.494742227
80,0.810185185,0.796296296,0.740740741,0.474043777,0.491812078,0.504392131
81,0.777777778,0.791666667,0.770833333,0.47052317,0.491762658,0.494950561
82,0.75462963,0.784722222,0.736111111,0.476291171,0.501157868,0.483669206
83,0.791666667,0.763888889,0.752314815,0.481012602,0.490598425,0.499767122
84,0.768518519,0.789351852,0.770833333,0.481222966,0.485832742,0.493602611
85,0.798611111,0.761574074,0.787037037,0.474980063,0.474037735,0.491393097
86,0.800925926,0.75462963,0.803240741,0.472251906,0.479383273,0.496040207
87,0.80787037,0.768518519,0.773148148,0.468170625,0.486719579,0.478498524
88,0.793981481,0.803240741,0.793981481,0.463112311,0.46948056,0.472117538
89,0.793981481,0.761574074,0.775462963,0.465564818,0.476972343,0.471336552
90,0.791666667,0.793981481,0.791666667,0.463806244,0.487126374,0.47563177
91,0.791666667,0.798611111,0.752314815,0.462767076,0.480947041,0.474597895
92,0.814814815,0.80787037,0.8125,0.457607449,0.474220085,0.523357553
93,0.805555556,0.814814815,0.800925926,0.460976827,0.490948957,0.510055674
94,0.810185185,0.777777778,0.798611111,0.460717976,0.493599433,0.49792439
95,0.803240741,0.75462963,0.784722222,0.459996733,0.474846669,0.499777449
96,0.798611111,0.784722222,0.793981481,0.457635803,0.475857043,0.484192225
97,0.793981481,0.798611111,0.805555556,0.464090756,0.471047752,0.473951976
98,0.805555556,0.803240741,0.791666667,0.461490695,0.478407825,0.468928227
99,0.791666667,0.793981481,0.803240741,0.45886972,0.468038414,0.478361406
